{"cameraMode":{"drawMode":0,"name":"Shaded","section":"Shading Mode"},"sceneLighting":false,"audioPlay":false,"sceneViewState":{"showFog":true,"showMaterialUpdate":true,"showSkybox":true,"showFlares":true,"showImageEffects":true,"showParticleSystems":true},"in2DMode":false,"pivot":{"x":-2.203488349914551,"y":0.16538453102111817,"z":1.9965384006500245},"rotation":{"x":-0.1253558248281479,"y":0.47130972146987917,"z":-0.06743453443050385,"w":-0.8705672025680542},"size":2.657688856124878,"orthographic":false}