{"cameraMode":{"drawMode":0,"name":"Shaded","section":"Shading Mode"},"sceneLighting":false,"audioPlay":false,"sceneViewState":{"showFog":true,"showMaterialUpdate":true,"showSkybox":false,"showFlares":true,"showImageEffects":true,"showParticleSystems":true},"in2DMode":false,"pivot":{"x":1.1260114908218384,"y":0.10547637194395066,"z":5.157601356506348},"rotation":{"x":0.003930078819394112,"y":-0.7793916463851929,"z":0.004936698358505964,"w":0.6266686916351318},"size":0.05762052536010742,"orthographic":false}