{"cameraMode":{"drawMode":0,"name":"Shaded","section":"Shading Mode"},"sceneLighting":false,"audioPlay":false,"sceneViewState":{"showFog":true,"showMaterialUpdate":true,"showSkybox":false,"showFlares":true,"showImageEffects":true,"showParticleSystems":true},"in2DMode":false,"pivot":{"x":-1.4071317911148072,"y":0.6349562406539917,"z":1.6297858953475953},"rotation":{"x":0.09122813493013382,"y":-0.6750115752220154,"z":0.08471833914518357,"w":0.727365255355835},"size":0.3992634415626526,"orthographic":false}