{"cameraMode":{"drawMode":0,"name":"Shaded","section":"Shading Mode"},"sceneLighting":false,"audioPlay":false,"sceneViewState":{"showFog":true,"showMaterialUpdate":true,"showSkybox":false,"showFlares":true,"showImageEffects":true,"showParticleSystems":true},"in2DMode":false,"pivot":{"x":-0.03967618942260742,"y":-0.036858174949884418,"z":0.467885285615921},"rotation":{"x":0.0557522252202034,"y":-0.7124209403991699,"z":0.056999895721673968,"w":0.6973522901535034},"size":0.18695521354675294,"orthographic":false}